Dataset,No. nodes,Execution Time (s),CPU Usage,Memory Usage,Memory Peak,Total Cores Used
reddit_50k.json,2,0.23500919342041016,37.699999999999996,0.028118133544921875,0.07561492919921875,
reddit_100k.json,2,0.1920480728149414,24.7,0.0413360595703125,0.07561492919921875,
reddit_200k.json,2,0.13627028465270996,26.200000000000003,0.0009613037109375,0.0757293701171875,
df_400k,2,0.1460263729095459,25.400000000000002,0.0,0.07584762573242188,
df_800k,2,0.13684391975402832,0.0,0.0,0.07585525512695312,
