Dataset,No. nodes,Execution Time (s),CPU Usage,Memory Usage,Memory Peak,Total Cores Used
reddit_50k.json,4,0.27208399772644043,41.5,0.067291259765625,0.07555770874023438,
reddit_100k.json,4,0.2372734546661377,34.5,0.043979644775390625,0.07555770874023438,
reddit_200k.json,4,0.14737772941589355,27.8,0.00048065185546875,0.07563018798828125,
df_400k,4,0.2130265235900879,21.400000000000002,0.0,0.075775146484375,
df_800k,4,0.1454622745513916,-24.3,0.0,0.075775146484375,
