Dataset,No. nodes,Execution Time (s),CPU Usage,Memory Usage,Memory Peak,Total Cores Used
reddit_50k.json,1,0.11864018440246582,24.7,0.0,0.08353424072265625,48
reddit_100k.json,1,0.13694286346435547,24.2,0.0,0.08353424072265625,48
reddit_200k.json,1,0.12892699241638184,19.400000000000002,0.002643585205078125,0.08353424072265625,48
