Dataset,No. nodes,Execution Time (s),CPU Usage,Memory Usage,Memory Peak,Total Cores Used
reddit_50k.json,2,0.12468433380126953,19.7,0.000240325927734375,0.08353424072265625,48
reddit_100k.json,2,0.13199281692504883,17.1,0.0,0.08353424072265625,48
reddit_200k.json,2,0.1237339973449707,18.2,0.0,0.08353424072265625,48
