Dataset,No. nodes,Execution Time (s),CPU Usage,Memory Usage,Memory Peak,Total Cores Used
reddit_50k.json,1,0.22750401496887207,18.900000000000002,0.003604888916015625,0.07546615600585938,
reddit_100k.json,1,0.20293593406677246,23.8,0.045421600341796875,0.07553863525390625,
reddit_200k.json,1,0.1813647747039795,26.099999999999998,0.002643585205078125,0.075592041015625,
df_400k,1,0.15928101539611816,23.7,0.008411407470703125,0.07567214965820312,
df_800k,1,0.19666099548339844,1.0,0.035808563232421875,0.07567596435546875,
